config_name,rmse,mae,r2
baseline,0.38690847,0.28614682,0.3956194519996643
larger_model,0.37201422,0.25972912,0.44125568866729736
deeper_model,0.3980205,0.30751917,0.3604053258895874
