dataset,best_config,accuracy,precision,recall,f1,auc
AMES,class_imbalance_focused,0.7335164835164835,0.7162592986184909,0.8477987421383648,0.7764976958525346,0.8077032131609245
Endocrine_Disruption_NR-AR,class_imbalance_focused,0.9290730337078652,0.29591836734693877,0.47540983606557374,0.36477987421383645,0.7669076169972217
Endocrine_Disruption_NR-AhR,class_imbalance_focused,0.8213728549141965,0.36271186440677966,0.722972972972973,0.48306997742663654,0.8446184279517613
Endocrine_Disruption_NR-ER,larger_model,0.7215815485996705,0.23699421965317918,0.5256410256410257,0.32669322709163345,0.6844766370995105
Endocrine_Disruption_NR-aromatase,baseline,0.7819614711033275,0.14232209737827714,0.6551724137931034,0.23384615384615384,0.7965230945412902
Irritation_Corrosion_Eye_Corrosion,larger_model,0.89086859688196,0.8137254901960784,0.9378531073446328,0.8713910761154856,0.9657485875706214
Irritation_Corrosion_Eye_Irritation,class_imbalance_focused,0.9170731707317074,0.9416342412451362,0.9477806788511749,0.94469746258946,0.9301944615260542
