config_name,rmse,mae,r2
baseline,1.1391102,0.7606775,0.6358315944671631
larger_model,0.9720815,0.6336391,0.7347984313964844
deeper_model,1.1145215,0.76972747,0.6513837575912476
