config_name,rmse,mae,r2
baseline,0.8346967,0.6289919,0.6070754528045654
larger_model,0.75107133,0.5810777,0.681863009929657
deeper_model,0.85934734,0.6552427,0.5835247039794922
