config_name,rmse,mae,r2
baseline,1.1318691,0.70051396,0.37291353940963745
larger_model,0.8618474,0.56707436,0.6364234685897827
deeper_model,1.3939981,0.95217806,0.048827290534973145
