config_name,rmse,mae,r2
baseline,1.1188205,0.70526326,0.954936146736145
larger_model,1.0643759,0.64358056,0.9592152833938599
deeper_model,1.2493247,0.80536884,0.9438101053237915
