config_name,rmse,mae,r2
baseline,0.9137767,0.64540434,0.9098039269447327
larger_model,0.85905075,0.60368145,0.9202840328216553
deeper_model,1.0265536,0.76440346,0.8861663341522217
