config_name,rmse,mae,r2
baseline,0.6282009,0.47046828,0.720368504524231
larger_model,0.6202683,0.4674206,0.7273859977722168
deeper_model,0.7005922,0.5412406,0.6522079706192017
