config_name,rmse,mae,r2
baseline,0.5321457,0.37637302,0.9173374176025391
larger_model,0.46115294,0.3156447,0.937921941280365
deeper_model,0.5766975,0.4130507,0.9029167890548706
