config_name,rmse,mae,r2
baseline,1.0078831,0.72824657,0.5146788358688354
larger_model,1.0055348,0.7280089,0.5169378519058228
deeper_model,1.0274736,0.7331893,0.49562883377075195
