config_name,rmse,mae,r2
baseline,0.6801536,0.50782454,0.4821975827217102
larger_model,0.6353629,0.47196367,0.5481505393981934
deeper_model,0.70500094,0.524437,0.44367384910583496
