config_name,rmse,mae,r2
baseline,2.1267314,1.4807814,0.5726884603500366
larger_model,1.9348326,1.3298314,0.646323561668396
deeper_model,2.2836697,1.6354442,0.5072962045669556
