config_name,rmse,mae,r2
baseline,1.8730352,1.3754095,0.6340168714523315
larger_model,1.6757494,1.1387185,0.7070541381835938
deeper_model,1.9888065,1.4709256,0.5873762369155884
