config_name,rmse,mae,r2
baseline,1.140615,0.68289614,0.8986233472824097
larger_model,1.048848,0.6091176,0.9142794609069824
deeper_model,1.2735975,0.80268663,0.8736066818237305
