config_name,rmse,mae,r2
baseline,0.85707253,0.5897782,0.8680647611618042
larger_model,0.8459791,0.5860268,0.8714580535888672
deeper_model,0.9165129,0.652638,0.8491300344467163
