config_name,rmse,mae,r2
baseline,0.42502475,0.34879506,0.675087571144104
larger_model,0.42350277,0.3547097,0.677410364151001
deeper_model,0.45066953,0.35841933,0.6346961259841919
