config_name,rmse,mae,r2
baseline,28.224665,19.016615,0.8941988348960876
larger_model,25.429152,16.700623,0.9141191244125366
deeper_model,37.90017,26.819706,0.8092278242111206
