config_name,rmse,mae,r2
baseline,0.6729819,0.53169024,0.6599743366241455
larger_model,0.58701575,0.47510904,0.7412952184677124
deeper_model,0.7016463,0.56323403,0.6303919553756714
