config_name,rmse,mae,r2
baseline,48.927925,36.238018,0.7518675327301025
larger_model,46.643898,33.766125,0.7744931578636169
deeper_model,52.358093,39.09223,0.7158564925193787
